Ticker,Date,Shares,Value,Shares_Change,Value_Change,Price,Class,Last_Price,New_Value
AAP,200609,7874612,259390000,-2166669.0,-30803000.0,32.94,,30.12,330759796.14
AAP,200612,3491501,124158000,-4383111.0,-135232000.0,35.56,,35.6,280021202.72
AAPL,200509,5619678,301271000,-624585.0,71420000.0,53.61,,46.89,334754939.43
AAPL,200512,2977426,214047000,-2642252.0,-87224000.0,71.89,,67.82,403998651.42
AAPL,200606,1921307,110033000,-3335278.0,-219660000.0,57.27,,59.77,301044622.95
AAPL,200612,2996695,254240000,-726591.0,-32379000.0,84.84,,91.66,315883584.24
AAPL,200703,2980182,276889000,-16513.0,22649000.0,92.91,,84.61,278422932.45
AAPL,200706,1555182,189794000,-1425000.0,-87095000.0,122.04,,121.191,363701411.28000003
AAPL,200709,1255882,192740000,-299300.0,2946000.0,153.47,,138.48,238673781.54
AAPL,200712,606618,120159000,-649264.0,-72581000.0,198.08,,182.22,248765106.56
AAPL,200912,2525541,532212000,-565777.0,-40764000.0,210.73199,,199.91,651439593.86282
AAPL,201003,2349597,552155000,-175944.0,19943000.0,235.0,,204.62,593502135.0
AAPL,201006,2251101,566219000,-98496.0,14064000.0,251.53,,256.88,590994133.41
AAPL,201012,1714626,553070000,-3699586.0,-983212000.0,322.56,,311.14999,1746408222.72
AAPL,201103,1555263,542022000,-159363.0,-11048000.0,348.50751,,353.20999,597560037.8412601
AAPL,201209,805269,537199000,-617940.0,-293955000.0,667.10498,,665.23999,949429811.48082
ACN,201003,1000000,41950000,-600000.0,-24450000.0,41.95,A,39.97,67120000.0
ACN,201006,9668219,373677000,-1811614.0,-107902000.0,38.65,A,37.52,443695545.45
ACN,201009,9240919,392647000,-427300.0,18970000.0,42.49,A,36.6,410802625.31
ACN,201012,4145967,201038000,-5094952.0,-191609000.0,48.49,A,43.32,448092162.31
ACN,201103,3421073,188056000,-724894.0,-12982000.0,54.97,A,51.48,227903805.99
ACN,201106,3325917,200952000,-95156.0,12896000.0,60.42,A,57.39,206701230.66
ADBE,201409,11467010,793402000,-422474.0,-66921000.0,69.19,,71.9,822633397.9599999
ADBE,201503,12045393,890636000,-133854.0,-884540621000.0,73.94,,79.1,900533523.18
ADBE,201506,9264439,750512000,-2780954.0,-140124000.0,81.01,,79.09,975797286.9300001
ADBE,201509,6209219,510522000,-3055220.0,-239990000.0,82.22,,78.57,761722174.58
ADBE,201512,4012185,376905000,-2197034.0,-133617000.0,93.94,,91.46,583294032.86
ADBE,201606,4998438,478800000,-74670.0,2942000.0,95.79,,99.47,485953015.32000005
ADBE,201609,4617977,501235000,-380461.0,22435000.0,108.54,,102.31,542530460.52
ADBE,201703,4814596,626523000,-213003.0,108932000.0,130.13,,118.34,654241457.87
ADBE,201706,3931896,556127000,-882700.0,-70396000.0,141.44,,141.86,680976458.24
ADBE,201803,5649328,1220707000,-141200.0,205975000.0,216.08,,209.13,1251217290.24
ADBE,201806,4456362,1086506000,-1192966.0,-134201000.0,243.81,,249.28,1377362659.68
ADBE,201812,5127799,1160113000,-296972.0,-304304000.0,226.24001,,250.89,1227300245.28771
ADBE,201903,4528199,1206720000,-599600.0,46607000.0,266.48999,,262.5,1366507104.23201
ADBE,201906,3743938,1103151000,-784261.0,-103569000.0,294.64999,,270.89999,1334233790.06801
ADBE,201909,3553638,981692000,-190300.0,-121459000.0,276.25,,284.51001,1034262872.5
ADBE,201912,2847297,939067000,-706341.0,-42625000.0,329.81,,309.53,1172025348.78
ADSK,201012,4318374,164962000,-13038712.0,-389944000.0,38.2,,35.29,663040685.2
ADSK,201103,1986061,87605000,-2332313.0,-77357000.0,44.11,,42.05,190483477.14
ADSK,201106,900000,34740000,-1086061.0,-52865000.0,38.6,,42.98,76661954.60000001
ADSK,201503,8103986,475218000,-6359350.0,-393449960.0,58.64,,64.24,848130023.04
ADSK,201506,6158948,308409000,-1945038.0,-166809000.0,50.075,,54.15,405807098.95000005
ADSK,201903,3440100,536036000,-396107.0,42661000.0,155.82001,,163.00999,597757813.10207
ADSK,201912,3288196,603252000,-1219603.0,-62550000.0,183.46001,,180.89999,827000849.61799
AEA,200509,2840000,37630000,-465000.0,-15250000.0,13.25,A,14.3,43791250.0
AH,201212,5333281,61653000,-4053852.0,-43107000.0,11.58,,11.93,108703000.14
ALB,201706,1158452,122263000,-814315.0,-86140000.0,105.54,,113.6,208205829.18
AMP,201012,5397351,310618000,-5160165.0,-189070000.0,57.55,,51.84,607585045.8
AMP,201103,2016271,123154000,-3381080.0,-187464000.0,61.08,,63.32,329670199.08
AMX,200512,22149689,648100000,-622700.0,48731000.0,29.26,L,28.72,666320102.14
AMX,200603,18144089,621616000,-4005600.0,-26484000.0,34.26,L,34.73,758848345.14
AMX,200606,13690789,455356000,-4453300.0,-166260000.0,33.26,L,32.66,603472400.14
AMX,200609,9310989,366574000,-4379800.0,-88782000.0,39.37,L,37.31,539006362.93
AMX,200612,9299189,420509000,-11800.0,53935000.0,45.22,L,44.47,421042922.58
AMX,200712,12998391,797971000,-436798.0,-61881000.0,61.39,L,61.66,824786252.71
AMX,200803,10214524,650563000,-2783867.0,-147408000.0,63.69,L,60.46,827867522.79
AMX,200806,1425325,751859000,-8789199.0,101296000.0,52.75,L,59.77,538816141.0
AMX,200903,18641417,504810000,-5365858.0,-239175000.0,27.08,L,25.48,650117007.0
AMX,200906,11784662,456302000,-6856755.0,-48508000.0,38.72,L,38.33,721795666.24
AMX,200909,5018369,219955000,-6766293.0,-236347000.0,43.83,L,45.15,516521735.46
AMZN,201009,1583510,248706000,-672582.0,2205000.0,157.06,,124.83,354341809.52
AMZN,201603,1986368,1179187000,-220884.0,-312673000.0,593.64001,,552.52002,1310313099.35252
AMZN,201606,1643868,1176385000,-342500.0,-2802000.0,715.62,,722.78998,1421484668.16
AMZN,201609,1292728,1082414000,-351140.0,-93971000.0,837.31,,769.15997,1376427115.08
AMZN,201803,577796,836267000,-192200.0,-64220000.0,1447.33997,,1512.44995,1114445987.54012
AMZN,201806,424704,721912000,-153092.0,-114355000.0,1699.80005,,1629.62,982137669.6898
AMZN,201809,348814,698674000,-75890.0,-23238000.0,2003.0,,2012.7099600000001,850682112.0
AMZN,201903,651661,1160445000,-90000.0,46492000.0,1780.75,,1639.82996,1320712825.75
AMZN,201906,466511,883399000,-185150.0,-277046000.0,1893.63,,1775.06995,1234004819.43
AMZN,201912,515504,952569000,-106475.0,-127131000.0,1847.83997,,1800.80005,1149317656.70063
ANET,201603,1871465,118089000,-304460.0,-51285000.0,63.1,,68.54,137300867.5
APH,201012,5055079,266807000,-5055079.0,-228389000.0,52.78,A,50.03,533614139.24
APH,201103,776198,42217000,-4278881.0,-224590000.0,54.39,A,57.48,274945746.81
APOL,200506,7521150,588304000,-520604.0,-7268000.0,78.22,A,78.43,629025997.88
ARCO,201109,824599,19122000,-175401.0,-1968000.0,23.19,A,27.57,23190000.0
ASR,200912,347986,18029000,-42814.0,1357000.0,51.81,B,48.71,20247348.0
ATVI,200903,6511264,68108000,-13750646.0,-106955000.0,10.46,,10.03,211939578.60000002
ATVI,201006,13128280,137716000,-108900.0,-21792000.0,10.49,,10.75,138858018.2
ATVI,201706,21535165,1239779000,-3265525.0,3217000.0,57.57,,58.58,1427775723.3
ATVI,201709,19839465,1279844000,-1695700.0,40065000.0,64.51,,65.56,1389233494.15
ATVI,201712,17134499,1084956000,-2704966.0,-194888000.0,63.32,,62.4,1256234923.8
ATVI,201803,14555953,981945000,-2578546.0,-103011000.0,67.46,,73.13,1155893302.54
ATVI,201806,14257637,1088143000,-298316.0,106198000.0,76.32,,70.91,1110910332.9599998
ATVI,201812,15671412,729818000,-467276.0,-612759000.0,46.57,,49.88,751578700.16
AVGO,201709,5090360,1234616000,-229231.0,-5115000.0,242.53999,,252.07001,1290213547.94409
AVGO,201712,2463016,632749000,-2627344.0,-601867000.0,256.89999,,277.94,1307713433.0964
AXP,201312,4392879,398566000,-1851640.0,-73020000.0,90.73,,85.8,566565208.87
AZO,201206,936470,343844000,-128030.0,-51937000.0,367.17001,,380.26001,390852475.645
AZO,201209,864249,319487000,-72221.0,-24357000.0,369.67001,,361.64001,346184874.2647
BABA,201709,8815009,1522440000,-2851789.0,-121412000.0,172.71001,,171.74001,2014972799.24798
BABA,201712,6347975,1094581000,-2467034.0,-427859000.0,172.42999,,177.08,1519971913.7199101
BABA,201803,5982159,1097965000,-365816.0,3384000.0,183.53999,,186.14,1165107268.0202498
BABA,201812,6210334,851250000,-3521835.0,-752222000.0,137.07001,,160.86,1333988502.15169
BABA,201903,5640334,1029079000,-570000.0,177829000.0,182.45,,183.03,1133075438.3
BABA,201912,6239786,1323459000,-1052776.0,103924000.0,212.10001,,200.0,1546752473.12562
BAM,200703,9891248,516988000,-1737900.0,-45105000.0,52.26,A,53.77,607739274.48
BAM,200709,11271170,432566000,-1146200.0,-64081000.0,38.5,A,33.87,478068745.0
BAM,200803,8510301,229361000,-3780969.0,-207832000.0,26.83,A,29.65,329774774.09999996
BAM,200806,7029742,227809000,-1480559.0,-1552000.0,32.54,A,36.8,276925194.54
BAX,201003,6326359,368194000,-4115271.0,-244521000.0,58.2,,56.93,607702866.0
BBBY,200506,4827943,201711000,-1227308.0,-19548000.0,41.78,,40.65,252988386.78
BBBY,200612,409747,15611000,-3176491.0,-121598000.0,38.1,,38.78,136635667.8
BBY,200506,1590100,109001000,-1456400.0,-55540000.0,68.55,,54.43,208837575.0
BEAV,201212,4811906,237708000,-148500.0,28825000.0,49.4,,47.36,245044056.4
BEAV,201303,4758675,286853000,-53231.0,49145000.0,60.28,,52.61,290061693.68
BEAV,201306,4311013,271939000,-447662.0,-14914000.0,63.08,,63.44,300177219.0
BEAV,201312,4418185,384515000,-323408.0,34491000.0,87.03,,87.0,412660838.79
BEAV,201403,3404644,295489000,-1013541.0,-89026000.0,86.79,,84.25,383454276.15000004
BIDU,200612,961255,108324000,-263584.0,1102000.0,112.69,A,115.78,138027106.91
BIDU,201409,8188393,1786953000,-1515000.0,-25738000.0,218.23,A,214.52,2117571454.3899999
BIDU,201412,7030580,1602761323000,-1157813.0,1600974370000.0,227.97,A,245.11,1866707952.21
BIDU,201503,5281484,1100661000,-1749096.0,-1601660662000.0,208.39999,A,203.75,1465172801.6942
BKNG,201903,321396,560807000,-32100.0,-48062000.0,1744.91003,,1697.0400399999999,616818715.96488
BKNG,201909,211257,414615000,-110139.0,-187909000.0,1962.60999,,1966.41003,630775000.34604
BLK,201803,918870,497770000,-185000.0,-69299000.0,541.71997,,549.4299900000001,597988423.2839
BPOP,201003,9765472,28418000,-8842017.0,-13635000.0,2.91,,1.93,54147792.99
BRCM,200609,3872868,117503000,-1017219.0,-30813000.0,30.34,,29.39,148365239.58
BRO,200609,2376884,72638000,-3506116.0,-99263000.0,30.56,,29.94,179784480.0
C,201103,93447100,413036000,-51696034.0,-273491000.0,4.42,,4.68,641532652.28
C,201106,6573057,273702000,-86874043.0,-139334000.0,41.64,,41.15,3891137244.0
C,201109,2740726,70217000,-3832331.0,-203485000.0,25.615,,31.05,168368855.05499998
CAREMARK RX INC,200503,4919826,195711000,-602400.0,-22030000.0,39.780065392556565,,39.42993278435182,219674511.39247608
CAREMARK RX INC,200506,3526026,156979000,-1393800.0,-38732000.0,44.5200914570681,,39.780065392556565,219031103.4728615
CAREMARK RX INC,200509,3055826,152577000,-470200.0,-4402000.0,49.929871661540936,,44.5200914570681,176054025.65525654
CBG,200603,2512100,202726000,-45900.0,52188000.0,80.7,A,68.68,206430600.0
CBG,200612,2997949,99532000,-2437249.0,-34174000.0,33.2,A,32.93,180448573.60000002
CBG,200806,1070211,205481000,-10770996.0,-50763000.0,19.2,A,22.46,227351174.4
CCI,201012,7463404,327121000,-17030590.0,-754289000.0,43.83,,41.54,1073571757.02
CCI,201206,7836898,459712000,-400229.0,20344000.0,58.66,,54.6,483189869.82
CCI,201209,3270735,209654000,-4566163.0,-250058000.0,64.1,,63.46,502345161.79999995
CCI,201212,2882801,208023000,-387934.0,-1631000.0,72.16,,67.52,236016237.6
CCI,201403,9054737,668058000,-1312526.0,-93210000.0,73.78,,75.9,764896664.14
CCI,201406,8425071,625646000,-629666.0,-42412000.0,74.26,,76.73,672404769.62
CCI,201409,7845871,631828000,-579200.0,6182000.0,80.53,,79.51,678470967.63
CCL,200509,2447200,122311000,-97100.0,-16481000.0,49.98,,49.34,127164113.99999999
CCL,200512,2294400,122682000,-152800.0,371000.0,53.47,,54.49,130851784.0
CCMM,201303,4577187,476851000,-230796.0,110290000.0,104.1799253559009,,76.24007821991052,500895310.0524405
CCMM,201306,3674874,455133000,-902313.0,-21718000.0,123.84996057007669,,104.1799253559009,566884429.4718676
CCMM,201309,1951452,262978000,-1723422.0,-192155000.0,134.76016832594397,,123.84996057007669,495226638.816635
CCMM,201312,774527,105924000,-1176925.0,-157054000.0,136.75959650212323,,134.76016832594397,266879788.11326137
CCMM,201512,4727605,865624476,-1822652.0,-286238524.0,183.1000001057618,,175.85004679969046,1199352057.392767
CCMM,201603,4588878,928927000,-138727.0,63302524.0,202.43009293339244,,183.1000001057618,957009519.5023708
CDK,201503,2636255,123271000,-258000.0,-117846563000.0,46.76,,46.83,135335363.79999998
CECO,200503,890432,30506000,-705725.0,-33340000.0,34.26,,34.15,54684338.82
CHK,200506,8605500,196205000,-301200.0,792000.0,22.8,,20.47,203072760.0
CHK,200509,2252200,86147000,-6353300.0,-110058000.0,38.25,,31.61,329160375.0
CHTR,201612,4715772,1357765000,-534334.0,-59606000.0,287.92001,A,275.31,1511610572.02106
CHTR,201706,4353832,1466588000,-1316402.0,-389393000.0,336.85001,A,345.54999,1910018379.60234
CHTR,201709,3660652,1330354000,-693180.0,-136234000.0,363.42001,A,398.54001,1582269668.97832
CHTR,201712,1727722,580445000,-1932930.0,-749909000.0,335.95999,A,326.20999,1229832609.31348
CIG,200609,826600,32444000,-799100.0,-36827000.0,39.24993951125091,,42.609952635787664,63808626.6634406
CMCSK,200612,7354565,308009000,-4410066.0,-125047000.0,41.88,,40.28,492702746.28000003
CMCSK,200703,2149463,54747000,-5205102.0,-253262000.0,25.47,,25.45,187320770.54999998
CME,201312,3614948,283629000,-2008352.0,-131820000.0,78.46,A,81.95,441204117.99999994
CME GROUP INC.,200609,184099,88045000,-326601.0,-162785000.0,478.24811650253395,,491.1494027804974,244241313.0978441
CNET,200603,2878516,40904000,-135300.0,-3369000.0,14.21,,13.84,42826325.36
COH,200512,2462200,82090000,-190200.0,-1089000.0,33.34,,34.43,88431016.00000001
COH,200603,2067900,71508000,-394300.0,-10582000.0,34.58,,35.72,85142876.0
COH,200609,6725952,231373000,-810648.0,6029000.0,34.4,,30.19,259259040.0
COH,200612,1875638,80577000,-4850314.0,-150796000.0,42.96,,43.21,288946897.92
COH,200709,7801097,368758000,-186293.0,-9764000.0,47.27,,44.53,377563925.3
COH,200906,8586210,230797000,-200798.0,84054000.0,26.88,,26.27,236194775.04
COH,200909,3255340,107166000,-5330870.0,-123631000.0,32.92,,28.29,282658033.2
COH,201403,1569635,77948000,-4911612.0,-285844000.0,49.66,,48.81,321858726.02
CONR,200603,863844,25397000,-58000.0,7559000.0,29.4,,25.75,27102213.599999998
CP,201306,161132,19558000,-195362.0,-26954000.0,121.38,,131.99001,43271241.72
CP,201409,3507664,727735000,-1605.0,92066000.0,207.47,,200.60001,728068039.43
CP,201503,3147265,575005000,-438401.0,-690346977000.0,182.7,,187.62,655101178.1999999
CP,201812,3465872,615608000,-430875.0,-210269000.0,177.62,,211.53999,692140202.14
CP,201903,3219436,663300000,-246436.0,47692000.0,206.03,,206.48,714073608.16
CP,201906,2706006,636561000,-513430.0,-26739000.0,235.24001,,219.39,757340156.83436
CP,201909,1870085,416019000,-835921.0,-220542000.0,222.46001,,240.75,601978121.82006
CRM,201006,1338973,114911000,-571394.0,-27316000.0,85.82,,86.53,163947695.94
CRM,201712,4864570,497305000,-1406236.0,-88514000.0,102.23,,104.32,641064497.38
CRM,201912,4140694,673442000,-964066.0,-84309000.0,162.64,,162.89,830238166.4
CSCO,200612,8713453,238139000,-1105961.0,12489000.0,27.33,,26.91,268364584.61999997
CSGP,200512,526002,22708000,-36196.0,-3558000.0,43.17,,46.94,24270087.66
CSGP,200603,500548,25973000,-25454.0,3265000.0,51.89,,51.61,27294243.78
CSX,201706,10314868,562779000,-4063555.0,-106537000.0,54.56,,54.17,784486758.88
CSX,201806,13192235,841401000,-178072.0,96541000.0,63.78,,64.65,852758180.46
CSX,201809,9430475,698327000,-3761760.0,-143074000.0,74.05,,74.16,976885001.75
CSX,201903,7998686,598462000,-1646789.0,-811000.0,74.82,,72.67,721674439.4999999
CTRP,200703,760501,50942000,-233307.0,-11042000.0,66.985,,59.01,66570228.88
CTSH,201012,6506921,476892000,-11939655.0,-712358000.0,73.29,A,64.98,1351949555.0400002
CTSH,201103,6354123,517226000,-152798.0,40334000.0,81.4,A,76.87,529663369.40000004
CTSH,201303,8663768,663827000,-2248823.0,-142420000.0,76.621,A,76.77,836133635.0109999
CTSH,201309,11956751,981888000,-1282164.0,152602000.0,82.12,A,73.3,1087179699.8
CTSH,201312,10742645,1084792000,-1214106.0,102904000.0,100.98,A,93.89,1207392715.98
CTSH,201409,18068688,808935000,-11441147.0,-634391000.0,44.77,A,45.73,1321155312.95
CTSH,201412,12229864,644024638,-5838824.0,-164910362.0,52.66,A,53.99,951497110.0799999
CTSH,201503,1093374,68216000,-11136490.0,-575808638.0,62.39,A,62.485,763021214.96
CTX,200603,3593600,222767000,-2224200.0,-193148000.0,61.99,,67.61,360645422.0
CTXS,201003,3224801,153081000,-431600.0,938000.0,47.47,,43.01,173569355.47
CVC,201103,493000,17063000,-4632672.0,-156390000.0,34.61,A,36.85,177399507.92
DELL,200506,3468877,136882000,-135000.0,-1579000.0,39.46,,39.93,142208986.42000002
DG,201012,13593067,416899000,-3530541.0,-83967000.0,30.67,,32.84,525181057.36
DG,201109,15811147,597029000,-378994.0,48345000.0,37.76,,36.6,611339724.16
DG,201206,3695483,200997000,-9751205.0,-420240000.0,54.39,,48.91,731365360.32
DG,201306,13655169,688630000,-588624.0,-31821000.0,50.43,,52.8,718314480.99
DG,201403,10340612,573697000,-8564020.0,-566630000.0,55.48,,59.9,1048828983.3599999
DG,201406,7109343,407792000,-3231269.0,-165905000.0,57.36,,53.78,593137504.32
DHI,201909,3333812,175725000,-9096601.0,-360399000.0,52.71,,49.47,655207069.23
DIS,201209,9362526,489473000,-3996463.0,-158438000.0,52.28,,49.47,698407944.92
DIS,201212,5333435,265552000,-4029091.0,-223921000.0,49.79,,49.66,466160169.54
DIS,201303,3950480,224387000,-1382955.0,-41165000.0,56.8,,54.59,302939108.0
DKS,200506,3116710,120274000,-262700.0,-3852000.0,38.59,,36.17,130411431.9
DKS,200512,3242510,107781000,-99200.0,7162000.0,33.24,,35.11,111078440.4
DKS,200603,2917910,115753000,-324600.0,7972000.0,39.67,,37.9,128630371.7
DKS,200609,2557810,116432000,-360100.0,883000.0,45.52,,41.33,132823263.2
DKS,200612,2339410,114608000,-218400.0,-1824000.0,48.99,,53.64,125307111.9
DKS,200803,5029142,134680000,-602404.0,-21651717.0,26.78,,27.58,150812801.88
DKS,200809,2937309,57513000,-2886385.0,-45799000.0,19.58,,22.89,114027928.52
DKS,201012,4765663,178712000,-5343663.0,-104754000.0,37.5,,34.21,379099725.0
DLB,200903,2101333,71676000,-2757127.0,-87487150.0,34.11,A,28.05,165722070.6
DLTR,201306,8053196,409424000,-3953733.0,-172072000.0,50.84,,48.04,610432270.36
DLTR,201309,7648196,437171000,-405000.0,27747000.0,57.16,,52.7,460320683.35999995
DLTR,201603,11606484,957071000,-1587638.0,-61779000.0,82.46,,80.25,1087987300.12
DLTR,201612,9316134,719019000,-6076613.0,-495931000.0,77.18,,88.16,1188012213.46
DLTR,201703,6544364,513471000,-2771770.0,-205548000.0,78.46,,76.68,730943873.64
DNA,200512,1359740,125776000,-585160.0,-38004000.0,92.5,,95.62,179903250.0
DNA,200603,974340,82341000,-385400.0,-43435000.0,84.51,,85.69,114911627.4
DNA,200706,3707746,280528000,-990944.0,-105328000.0,75.66,,79.77,355502885.4
DNA,200709,3514836,274228000,-192910.0,-6300000.0,78.02,,74.81,289278342.91999996
DPZ,201912,1731133,508572253,-446609.0,-24081747.0,293.78,,294.29999,639777044.76
DVA,201006,4399247,274689000,-247103.0,-19890000.0,62.44,,63.43,290118094.0
DVA,201009,2964583,204645000,-1434664.0,-70044000.0,69.03,,64.62,303680020.41
DVA,201012,2450317,170273000,-514266.0,-34372000.0,69.49,,72.7,206008872.67
DVA,201103,2067565,176797000,-382752.0,6524000.0,85.51,,79.37,209526606.67000002
DVA,201106,167405,14499000,-1900160.0,-162298000.0,86.61,,84.05,179071804.65
DVA,201209,3040240,314999000,-8899.0,15543000.0,103.61,,97.27,315921291.79
DVA,201212,1989505,219900000,-1050735.0,-95099000.0,110.53,,108.0,336037727.2
DVA,201403,3655739,251698000,-4815038.0,-285095000.0,68.85,,68.73,583212996.4499999
EA,201512,6443613,442805000,-2338999.0,-152217000.0,68.72,,67.79,603541096.64
EA,201603,1910643,126313000,-4532970.0,-316492000.0,66.11,,64.24,425987255.43
EA,201703,7779975,696463000,-1642200.0,-45628000.0,89.52,,86.5,843473106.0
EA,201803,7138016,865413000,-170168.0,97615000.0,121.24,,123.7,886044228.16
EA,201806,6317420,890883000,-820596.0,25470000.0,141.02,,130.91,1006603016.32
EBAY,201209,12560725,607562000,-1343000.0,23467000.0,48.37,,47.47,672523178.25
EBAY,201212,8538639,435451000,-4022086.0,-172111000.0,50.9977,,52.82,640568085.3325
EBAY,201309,10922795,609437000,-4592828.0,-193031000.0,55.795,,49.99,865694185.2850001
EBAY,201612,9605806,285196000,-23558763.0,-805918000.0,29.69,,27.81,984656053.61
EDU,201012,2446146,257408000,-3177708.0,-291368000.0,105.23,,105.8,591798156.4200001
EDU,201103,2008008,200941000,-438138.0,-56467000.0,100.07,,96.61,244785830.21999997
EDU,201106,1748613,195355000,-259395.0,-5586000.0,111.72,,115.82,224334653.76
EDU,201206,7994383,195862000,-1771827.0,-72318000.0,24.5,,26.51,239272145.0
EL,201012,3030562,244566000,-7689504.0,-433264000.0,80.7,A,74.92,865109326.2
EL,201106,2684857,282420000,-345705.0,-9605000.0,105.19,A,102.51,318784816.78
EL,201109,1835338,161216000,-849519.0,-121204000.0,87.84,A,97.66,235837838.88
EMC,200709,24786454,515558000,-22312883.0,-336940000.0,20.8,,19.66,979666209.6
EMC,200712,14278599,264582000,-10507855.0,-250976000.0,18.53,,19.27,459292992.62
EMC,200803,10655975,152807000,-3622624.0,-111775000.0,14.34,,15.54,204755109.66
EQIX,201012,4036520,328008000,-2636520.0,-354978000.0,81.26,,77.6,542251230.4
EQIX,201106,3023700,305454000,-1012820.0,-62273000.0,101.02,,101.4,407769250.4
EQIX,201209,2085019,429618000,-1079108.0,-126161000.0,206.05,,197.64999,651968368.35
EQIX,201303,2293503,496108000,-501032.0,-80125000.0,216.31,,211.55,604485865.85
EQIX,201306,2087116,385532000,-206387.0,-110576000.0,184.72,,202.64,423655874.16
EQIX,201503,2729378,635536000,-5051600.0,-882337125571.0,232.85001,,224.175,1811800805.10978
EQIX,201509,2650775,724722000,-355169.0,-38788000.0,273.39999,,269.76999,821825059.54056
EQIX,201512,2110509,638217922,-540266.0,-86504078.0,302.39999,,296.5,801594333.49225
EQIX,201606,2140962,830115000,-183368.0,61436000.0,387.73001,,362.0,901212494.1432999
EQIX,201609,1799578,648298000,-341384.0,-181817000.0,360.25,,368.64999,771281560.5
EQIX,201703,1431461,573114000,-481223.0,-110498000.0,400.37,,376.07001,765781293.08
EQIX,201706,1273652,546600000,-157809.0,-26514000.0,429.16,,441.01000999999997,614325802.76
EQIX,201712,1122529,508753000,-151123.0,-59678000.0,453.22,,464.48999000000003,577244559.44
ESI,200506,1478900,79003000,-474500.0,-15737000.0,53.42,,45.39,104350628.0
ESI,200703,1827485,148922000,-26031.0,25904000.0,81.49,,79.98,151043018.84
ESI,200706,789685,92693000,-1037800.0,-56229000.0,117.38,,113.19,214510189.29999998
ESRX,200709,3102214,173166000,-3788804.0,-171454000.0,55.82,,54.75,384656624.76
ESRX,201012,7755543,419187000,-719299.0,6463000.0,54.05,,52.09,458065210.09999996
ESRX,201106,8046327,434341000,-1696574.0,-107462000.0,53.98,,59.56,525921795.97999996
ESRX,201206,7154848,399455000,-419497.0,-10923000.0,55.83,,52.19,422875681.34999996
ESRX,201209,4309072,269877000,-2845776.0,-129578000.0,62.63,,62.62,448108130.24
EXBD,200506,647198,50695000,-38999.0,6813000.0,78.33,,69.78,53749811.01
EXBD,200509,497206,38772000,-149992.0,-11923000.0,77.98,,80.77,50468500.04
EXBD,200603,393895,39744000,-103311.0,-4855000.0,100.9,,100.0,50168085.400000006
EXP,200706,3123559,153211000,-886625.0,-25764000.0,49.05,,50.17,196699525.2
EXP,200809,2830727,63323000,-1759832.0,-52956000.0,22.37,,30.53,102690804.83
EXPE,201612,4317532,489090000,-2825799.0,-344680000.0,113.28,,124.05,809196535.6800001
EXPE,201703,2121901,267720000,-2195631.0,-221370000.0,126.17,,119.04,544743012.44
FAST,200803,6995171,321288000,-884436.0,2794285.0,45.93,,40.66,361910349.51
FAST,200806,6120831,264175000,-874340.0,-57113000.0,43.16,,49.44,301911580.35999995
FAST,200809,4593772,226886000,-1527059.0,-37289000.0,49.39,,51.93,302307843.09
FB,201309,7635995,383556000,-2228624.0,138124000.0,50.23,A,41.294,495499812.36999995
FB,201312,3000441,163971000,-4635554.0,-219585000.0,54.649,A,47.01,417299490.755
FB,201403,2000000,120480000,-1000441.0,-43491000.0,60.24,A,68.46,180746565.84
FB,201503,8106922,666511000,-5395693.0,-1052807511000.0,82.215,A,78.97,1110117492.2250001
FB,201512,9785312,1024131000,-916947.0,61998000.0,104.66,A,104.24,1120098426.94
FB,201606,10941237,1250365000,-472271.0,-51916000.0,114.28,A,118.81,1304335694.24
FB,201609,6246441,801231000,-4694796.0,-449134000.0,128.27,A,126.12,1403432469.99
FB,201612,5927908,682006000,-318533.0,-119225000.0,115.05,A,118.42,718653037.05
FB,201703,5106308,725351000,-821600.0,43345000.0,142.05,A,135.53999,842059331.4000001
FB,201709,5032256,859862000,-1135793.0,-71390000.0,170.87,A,171.97,1053934532.63
FB,201712,4400447,776503000,-631809.0,-83359000.0,176.46001,A,177.17999,887991944.0825601
FB,201806,3404550,661572000,-4296692.0,-569009000.0,194.32001,A,191.78,1496505422.45242
FB,201903,4840683,806893000,-1829084.0,-67447000.0,166.69,A,161.45,1111783461.23
FB,201906,3002136,579412000,-1838547.0,-227481000.0,193.0,A,177.47,934251819.0
FB,201909,1948388,346969000,-1053748.0,-232443000.0,178.08,A,185.67,534620378.88000005
FDC,200606,2465900,111064000,-8000.0,-4764000.0,45.04,,46.11,111424456.0
FDO,201012,4733166,235286000,-4733166.0,-182748000.0,49.71,,50.2,470571363.72
FDO,201106,3293534,173108000,-2339632.0,-115986000.0,52.56,,55.74,296079204.96000004
FLT,201309,4562496,502605000,-787851.0,67622000.0,110.16,,103.11,589394225.52
FLT,201312,4357596,510580000,-204900.0,7975000.0,117.17,,121.78,534587656.32
FLT,201412,6435620,957041050,-153616.0,20579050.0,148.71001,,151.89,979885351.45236
FLT,201503,5478615,826833000,-957005.0,-130208050.0,150.92,,153.42999,971263770.4
FLT,201603,5904403,878280000,-529800.0,-41360635.0,148.75,,127.69,957087696.25
FLT,201606,5750503,823069000,-153900.0,-55211000.0,143.13,,148.89,845097201.39
FLT,201609,4877583,847382000,-872920.0,24313000.0,173.73,,164.2,999034886.1899999
FLT,201612,4688835,663564000,-188748.0,-183818000.0,141.52,,149.34,690275546.1600001
FLT,201703,4501773,681703000,-187062.0,18139000.0,151.42999,,170.0,710030237.1616501
FLT,201709,801482,124045000,-5754022.0,-821324000.0,154.77,,143.77,1014595354.08
FLT,201806,1012996,213388000,-138597.0,-19810000.0,210.64999,,199.35001,242583053.93407
FLT,201809,504075,114848000,-508921.0,-98540000.0,227.84,,213.74001,230801008.64000002
FMX,200906,7222748,232861000,-611646.0,35356000.0,32.23994523967886,,25.209990715299742,252580433.54606864
FMX,200909,971694,36973000,-6251054.0,-195888000.0,38.05004456135368,,32.23994523967886,274825883.2554282
FNF,201509,6512113,230985000,-3160582.0,-126808000.0,35.47,,36.41,343090491.65
FNF,201509,1915000,67925000,-100000.0,-6610000.0,35.47,,36.41,71472050.0
FNF,201512,1750000,60673000,-165000.0,-7252000.0,34.67,,35.85,66393050.0
FOXA,201403,20006725,639615000,-399510.0,-78072000.0,31.97,A,33.54,652387332.9499999
FOXA,201406,16045522,564000000,-3961203.0,-75615000.0,35.15,A,35.41,703236383.75
GDW,200512,5881400,388172000,-328300.0,19378000.0,66.0,,64.79,409840200.0
GDW,200603,3885336,263814000,-1996064.0,-124358000.0,67.9,,71.03,399347060.00000006
GE,200609,554395,19570000,-2647800.0,-85974000.0,35.3,,34.06,113037483.49999999
GE,200703,354395,12531000,-200000.0,-8098000.0,35.36,,34.91,19603407.2
GLD,200912,2323500,249335000,-1130000.0,-92043000.0,107.31,,115.64,370595085.0
GLD,201012,3233000,448482000,-3507000.0,-413632000.0,138.72,,135.42,934972800.0
GLD,201209,2587216,445053000,-1163132.0,-136964000.0,171.89,,164.22,644647317.7199999
GLW,200506,5001800,83130000,-1288200.0,13122000.0,16.62,,15.68,104539800.0
GLW,200606,5188735,125515000,-6343611.0,-184820000.0,24.19,,24.25,278967449.74
GLW,200612,4097955,76673000,-2758470.0,-90692000.0,18.71,,21.56,128283711.75
GMCR,201003,1560518,151167000,-2242769.0,-158686792.0,96.87,,84.39,368424411.69
GOOG,200509,2047807,648049000,-538099.0,-112595000.0,316.45999,A,286.0,818335786.9009401
GOOG,200512,1479094,613617000,-568713.0,-34432000.0,414.85999,A,404.91251,849553191.54193
GOOG,200606,1458250,611488000,-467937.0,-139725000.0,419.32999,A,371.82001,807707975.44813
GOOG,200609,1118149,449384000,-340101.0,-162104000.0,401.89999,A,378.53,586070660.4175
GOOG,200612,707385,325737000,-410764.0,-123647000.0,460.48000999999994,A,484.81,514885262.7014899
GOOG,200712,897558,620643000,-637618.0,-250216000.0,691.47998,A,693.0,1061543469.77648
GOOG,200806,982732,517330000,-636300.0,-195805000.0,526.41998,A,585.7999900000001,852290793.05936
GOOG,200903,591399,205842000,-252617.0,-53820000.0,348.06,A,337.98999,293768208.96
GOOG,200906,476284,200797000,-115115.0,-5045000.0,421.59,A,417.23001,249327904.41
GOOG,201209,1068269,806009000,-299052.0,12867000.0,754.5,A,685.09003,1031643694.5
GOOG,201303,1398517,1110685000,-154556.0,12072000.0,794.18799,A,801.2000099999999,1233431924.19327
GOOG,201306,941709,829052000,-456808.0,-281633000.0,880.37,A,871.2180199999999,1231212411.29
GOOG,201309,407784,357182000,-533925.0,-471870000.0,875.9099699999999,A,846.9000199999999,824852301.9387299
GOOG,201609,843449,655604000,-40439.0,43865000.0,777.28998,C,767.0499900000001,687037285.84224
GOOG,201612,627903,484628000,-215546.0,-170976000.0,771.8200099999999,C,758.03998,650990815.6144899
GOOGL,201606,165008,116088000,-480851.0,-376638000.0,703.53003,A,748.84998,454381201.64577
GPN,201912,3245218,592447000,-410162.0,11242000.0,182.56,,181.10001,667326172.8
GPS,201209,16382475,586165000,-5120100.0,-2145000.0,35.78,,35.82,769362133.5
GPS,201306,19156482,799400000,-998551.0,85912000.0,41.73,,40.55,841069527.0899999
GPS,201312,20570171,803882000,-1735054.0,-94572000.0,39.08,,40.97,871688193.0
GPS,201403,19924198,798163000,-645973.0,-5719000.0,40.06,,43.75,824041050.26
GR,201003,3229782,227764000,-888216.0,-36817000.0,70.52,,65.63,290401218.96
GR,201012,4504138,396679000,-3589190.0,-200043000.0,88.07,,85.77,712779396.9599999
GR,201103,4364238,373273000,-139900.0,-23406000.0,85.53,,86.23,385238923.14
GR,201109,2678332,323221000,-2270689.0,-149411000.0,120.68,,89.18,597247854.2800001
GRA,201206,1802702,90946000,-1528823.0,-101616000.0,50.45,,52.5,168075436.25
GRA,201506,1206801,121042000,-1695756.0,-165934000.0,100.3,,97.93,291126467.09999996
GTRC,200506,605361,35335000,-106096.0,-3674000.0,58.37,,57.01,41527745.089999996
HCA,201506,5007242,454257000,-829630.0,15149000.0,90.72,,81.83,529521027.84
HDB,201609,4034823,290063000,-1843270.0,-99948000.0,71.89,,71.65,422576105.77
HDB,201612,1312249,79627000,-2722574.0,-210436000.0,60.68,,64.52,244833059.64
HPQ,200912,8529811,439371000,-1320000.0,-25639000.0,51.51,,49.06,507363764.60999995
HPQ,201003,4906382,260774000,-3623429.0,-178597000.0,53.15,,50.79,453359454.65
HRB,201309,2303844,61420000,-5332200.0,-150480000.0,26.66,,27.91,203576933.04
HTHT,201012,1045751,22776000,-692055.0,-18010000.0,21.78,,23.79,37849414.68
HTHT,201209,1465394,24457000,-282999.0,3931000.0,16.69,,14.27,29180679.17
HTHT,201212,1283071,21876000,-182323.0,-2581000.0,17.05,,16.95,24984967.7
HTHT,201303,1114743,18349000,-168328.0,-3527000.0,16.46,,18.41,21119348.66
HUM,201412,1911536,274553916000,-262586.0,274270650000.0,143.63,,137.97,312269142.86
HUM,201912,1472775,539801000,-115968.0,133607000.0,366.51999,,341.23001,582306068.4725701
HZNP,201603,13997232,231934000,-1603756.0,-106139410.0,16.57,,17.16,258508371.16
IBN,201406,659729,32920000,-5071583.0,-218111000.0,49.9,,49.67,285992468.8
ICE,200703,2689517,328686000,-148100.0,22507000.0,122.21,,150.77,346785173.57
ICE,200709,2363337,358991000,-958380.0,-132125000.0,151.89999,,145.87,504568779.08283
ICE,200712,1353621,260572000,-1009716.0,-98419000.0,192.5,,166.96001,454942372.5
ICE,201409,1314968,256485000,-2088745.0,-386476000.0,195.05,,189.0,663894220.6500001
ICE,201412,1142789,250602200000,-172179.0,250345715000.0,219.28999,,225.99001,288359319.57032
ILMN,200706,2738343,111149000,-511078.0,15941000.0,40.59,,32.63,131893998.39000002
ILMN,200709,1040074,53959000,-1698269.0,-57190000.0,51.88,,48.29,142065234.84
ILMN,200806,2161843,188318000,-239396.0,6064000.0,87.11,,78.48,209171929.29
ILMN,201509,3609735,634664000,-2068802.0,-605301000.0,175.82001,,197.61,998400432.12537
ILMN,201603,1675158,271560000,-1934677.0,-421330000.0,162.11,,150.24001,585190351.85
INFA,201103,2510444,131020000,-774677.0,-13624000.0,52.19,,47.01,171450464.98999998
INFY,200806,3529866,153408000,-3405546.0,-94672000.0,43.46,,49.11,301413005.52
IQV,201809,8403439,1090262000,-1716683.0,80071000.0,129.74001,,127.09,1312984729.48122
IQV,201812,7708139,895455000,-695300.0,-194807000.0,116.17,,125.07,976227508.63
IQV,201906,6185907,995312000,-1522232.0,-113504000.0,160.89999,,135.85001,1240239488.01861
IQV,201909,3549209,530181000,-2636698.0,-465131000.0,149.38,,155.14999,924050787.66
IQV,201912,3082174,476227000,-467035.0,-53954000.0,154.50999,,145.98,548388247.0979099
IT,200709,1924960,47085000,-65363.0,-1857000.0,24.46,,22.11,48683300.58
ITC,200603,890200,23368000,-60000.0,-3323000.0,26.25,,26.06,24942750.0
ITC,200609,467700,14592000,-422500.0,-9070000.0,31.2,,34.07,27774240.0
JAZZ,201406,2087127,306829000,-257359.0,-18304000.0,147.00999,,141.86,344662863.41514
JAZZ,201409,1788607,287179000,-298520.0,-19650000.0,160.56,,162.92,335109111.12
JAZZ,201503,260985,45096000,-1622669.0,-308365573000.0,172.78999,,170.09,325476555.82346
JBHT,201212,3754994,224211000,-26726.0,27410000.0,59.71,,59.45,225806501.20000002
JBHT,201303,3124920,232744000,-630074.0,8533000.0,74.48,,69.658,279671953.12
JBHT,201306,2831614,204556000,-293306.0,-28188000.0,72.24,,73.66,225744220.79999998
JD,201512,26995511,871010000,-16500488.0,-262496000.0,32.265,,30.68,1403398407.7350001
JPM,200506,5297561,187110000,-739300.0,-21765000.0,35.32,,35.75,213221930.52
JPM,200509,4302661,145989000,-994900.0,-41121000.0,33.93,,33.89,179746244.73
JPM,200906,12544028,427877000,-3055100.0,13252000.0,34.11,,36.9,532086256.08
JPM,201006,16436305,601733000,-1378680.0,-195488000.0,36.61,,39.58,652206600.85
JPM,201012,8112802,344145000,-15310760.0,-547591000.0,42.42,,37.4,993627500.0400001
JPM,201103,7400879,341181000,-711923.0,-2964000.0,46.1,,46.69,374000172.2
KMI,201212,15029382,530988000,-2595199.0,-95037000.0,35.33,P,33.81,622676446.73
KMI,201306,12292738,468968000,-63509084.0,-384100000.0,38.15,P,37.98,2891839509.2999997
KMI,201309,10913487,388193000,-1379251.0,-80775000.0,35.57,P,37.93,437252690.66
KMI,201312,69913434,283849000,-2365961.0,-75380000.0,36.0,P,35.54,2602058220.0
KMX,200509,3853773,120507000,-501127.0,4449000.0,31.27,,31.86,136177723.0
KMX,200512,3105773,85968000,-748000.0,-34539000.0,27.68,,27.42,106672436.64
KMX,200606,2965773,105166000,-726400.0,-15494000.0,35.46,,31.81,130924454.58
KMX,200709,11709116,238046000,-2623450.0,-127434000.0,20.33,,22.66,291381066.78
KMX,200712,5155456,101820256,-6553660.0,-136225744.0,19.75,,22.87,231255041.0
KO,200909,3471263,186407000,-2165000.0,-84077000.0,53.7,,48.77,302667323.1
KO,201109,2524200,170535000,-62000.0,-3490000.0,67.56,,70.45,174723672.0
KORS,201209,8753483,465510000,-448528.0,80498000.0,53.18,,53.95,489362944.98
KORS,201303,8075051,458582000,-952244.0,-2081000.0,56.79,,59.28,512660083.05
KORS,201312,6111431,496187000,-3471798.0,-217955000.0,81.19,,81.55,778062362.51
KORS,201412,11075555,831774181,-4878844.0,-307210819.0,75.1,,76.71,1198175364.8999999
LBTYA,201209,4442580,269887000,-1638329.0,-31909000.0,60.75,A,55.27,369415221.75
LBTYA,201406,6519720,288302000,-462682.0,-2166000.0,44.22,A,45.02,308761816.44
LBTYK,201406,15806512,668774000,-5454227.0,-196751000.0,42.31,C,42.8,899541867.09
LBTYK,201409,4460630,182953000,-11345882.0,-485821000.0,41.015,C,41.93,648304089.6800001
LCC,200609,1129356,50064000,-705444.0,-42667000.0,44.33,,42.25,81336684.0
LEN,200503,3525300,199814000,-23400.0,-1326000.0,56.68,A,60.82,201140316.0
LEN,200506,1274000,80835000,-2251300.0,-118979000.0,63.45,A,58.01,223680285.0
LEN,200509,1074000,64182000,-200000.0,-16653000.0,59.76,A,62.1,76134240.0
LEN,200512,712677,43488000,-361323.0,-20694000.0,61.02,A,57.68,65535480.0
LFT,201006,2923773,94730000,-169821.0,-4915000.0,32.4,,32.89,100232445.6
LFT,201012,2104089,76126000,-4031127.0,-165294000.0,36.18,,39.56,221972114.88
LNCR,201012,6244817,167548000,-6244817.0,-145692000.0,26.83,,25.75,335096880.21999997
LNCR,201103,4635800,137498000,-1609017.0,-30050000.0,29.66,,29.34,185221272.22
LNG,201503,8018486,620631000,-800436.0,-620231478000.0,77.4,,80.63,682584562.8000001
LNG,201506,7943511,550168000,-74975.0,-70463000.0,69.26,,75.83,555360340.36
LNG,201609,10741417,468326000,-2143259.0,-15494000.0,43.6,,42.9,561771873.6
LNG,201612,5186332,214870000,-5555085.0,-253456000.0,41.43,,40.86,445016906.31
LULU,201203,3808895,284639000,-730268.0,72842000.0,74.73,,67.02,339211650.99
LULU,201609,5586042,340637000,-1824262.0,-206688000.0,60.98,,76.51,451880337.91999996
LULU,201612,4504208,292728000,-1081834.0,-47909000.0,64.99,,56.99,363036869.58
MA,200803,921068,205389000,-70045.0,-7899000.0,222.99001,A,190.0,221008297.78113002
MA,200806,653678,173565000,-267390.0,-31824000.0,265.51999,A,308.64999,244561966.14932
MA,200903,2102320,352097000,-819088.0,-65460000.0,167.48,A,158.03,489277411.84
MA,200906,1199834,200744000,-902486.0,-151353000.0,167.31,A,176.33,351739159.2
MA,200909,1195615,241694000,-4219.0,40950000.0,202.14999,A,202.63,242546431.10166
MA,201103,692841,174402000,-70553.0,3318000.0,251.72,A,240.56,192161537.68
MA,201503,12973653,1120794000,-7056807.0,-1724703640000.0,86.39,A,90.13,1730431439.4
MA,201506,9726632,909246000,-3247021.0,-211548000.0,93.48,A,92.26,1212777082.44
MA,201509,8343895,751952000,-1382737.0,-157294000.0,90.12,A,92.37,876564075.84
MA,201512,6150587,598821000,-2193308.0,-153131000.0,97.36,A,97.92,812361617.2
MA,201709,4487369,633617000,-154000.0,69923000.0,141.2,A,133.3,655361302.8
MA,201712,3362667,508973000,-1124702.0,-124644000.0,151.36,A,150.47,679208171.84
MA,201903,2791487,657256000,-153100.0,101760000.0,235.45,A,224.77,693303009.15
MA,201906,1670957,442018000,-1120530.0,-215238000.0,264.53,A,251.49001,738432056.1099999
MA,201909,1607257,436483000,-63700.0,-5535000.0,271.57001,A,281.37,453781809.19957006
MBT,200603,2277800,75395000,-1279200.0,-49100000.0,33.1,,36.07,117736700.0
MCD,200909,6362563,363111000,-2090752.0,-122870000.0,57.07,,56.24,482430687.05
MCD,201003,6952805,463891000,-667396.0,-11914000.0,66.72,,63.85,508419810.71999997
MCD,201006,3652289,240576000,-3300516.0,-223315000.0,65.87,,66.87,457981265.35
MCD,201009,1996478,148758000,-1655811.0,-91818000.0,74.51,,73.06,272132053.39000005
MCO,200603,1676700,119817000,-218500.0,3414000.0,71.46,,67.0,135430992.0
MELI,201712,1537485,483785000,-93039.0,61593000.0,314.66,,275.14001,513060681.84000003
MELI,201809,1785259,607827000,-387272.0,-41608000.0,340.47,,342.41,739681629.57
MELI,201812,450784,132012000,-1334475.0,-475815000.0,292.85001,,351.97,522813116.00259
MELI,201906,476373,291431000,-190833.0,-47330000.0,611.77002,,570.52002,408176627.96412003
MHK,201412,2466482,383192644000,-623599.0,382776039000.0,155.36,,153.59,480074984.16
MHK,201503,1958565,363803000,-507917.0,-382828841000.0,185.75,,184.35001,458149031.5
MHK,201512,1886750,357332000,-84700.0,-1058000.0,189.39,,190.72,373372915.5
MHK,201609,1176827,235766000,-641442.0,-109269000.0,200.34,,212.78,364272011.46
MHS,200506,2041700,108945000,-330200.0,-8630000.0,53.36,,50.0,126564584.0
MHS,200509,1558936,85476000,-482764.0,-23469000.0,54.83,,49.27,111946411.0
MHS,200709,1803568,163025000,-600734.0,-24487000.0,90.39,,85.45,217324857.78
MJN,200906,854660,27153000,-343095.0,-7426000.0,31.77,A,31.16,38052676.35
MJN,201012,4177816,260069000,-4177816.0,-215451000.0,62.25,,59.57,520138092.0
MJN,201103,2707972,156873000,-1469844.0,-103196000.0,57.93,,59.85,242020880.88
MJN,201309,6629859,492333000,-777876.0,-94582000.0,74.26,,75.03,550098401.1
MJN,201312,3560693,298244000,-3069166.0,-194089000.0,83.76,,84.51,555316989.84
MLM,200612,3061474,318118000,-3300.0,58777000.0,103.91,,99.31,318460666.34
MLM,200703,1011957,136817000,-2049517.0,-181301000.0,135.2,,125.32,413911284.79999995
MMC,200503,2111800,64241000,-110000.0,-8856000.0,30.42,,32.65,67587156.0
MON,200606,3490868,293896000,-360121.0,-32475000.0,84.19,,84.16,324214763.90999997
MON,200806,1811400,229033000,-630500.0,-43239000.0,126.44,,127.4,308753836.0
MON,200912,8185449,669160000,-207928.0,19513000.0,81.75,,80.75,686158569.75
MON,201003,2979981,212830000,-5205468.0,-456330000.0,71.42,,70.65,584604767.58
MON,201209,6328874,576054000,-1729165.0,-90990000.0,91.02,,87.11,733442709.78
MON,201212,5358310,507164000,-970564.0,-68890000.0,94.65,,91.59,599027924.1
MON,201306,6207263,613278000,-455287.0,-90487000.0,98.8,,100.64,658259940.0
MON,201312,5830407,679534000,-3524446.0,-296832000.0,116.55,,113.33,1090308117.1499999
MON,201403,5767733,656195000,-62674.0,-23339000.0,113.77,,110.02,663325404.39
MPEL,200912,8163053,27428000,-7801410.0,-83685000.0,3.36,,4.23,53640595.68
MR,200912,566579,19218000,-300000.0,-9067000.0,33.92,A,30.28,29394359.68
MR,201003,464572,16920000,-102007.0,-2298000.0,36.42,A,38.16,20634807.18
MSCI,200912,4586985,145866000,-81270.0,7592000.0,31.799973185000606,,29.620061457653875,148450383.820745
MSFT,201406,26347204,1098678000,-1717684.0,-51702000.0,41.7,,40.94,1170305829.6000001
MSFT,201409,22335690,1035483000,-4011514.0,-63195000.0,46.36,,45.43,1221456377.44
MSFT,201412,5449944,253149899000,-16885746.0,252114416000.0,46.45,,47.81,1037492800.5000001
MSFT,201509,25339024,1121505000,-1259500.0,-52820000.0,44.26,,43.52,1177250672.24
MSFT,201609,14513996,836006000,-2785000.0,-49184000.0,57.6,,57.46,996422169.6
MSFT,201712,9584771,819881000,-1745076.0,-24079000.0,85.54,,84.17,969155112.3800001
MSFT,201812,10097064,1025559000,-3640407.0,-545596000.0,101.57,,110.89,1395314929.4699998
MSFT,201903,9035031,1065592000,-1062033.0,40033000.0,117.94,,112.03,1190847728.16
MSFT,201906,7384511,989229000,-1650520.0,-76363000.0,133.96001,,123.68,1210332843.11031
MSFT,201909,6059549,842459000,-1324962.0,-146770000.0,139.03,,137.86,1026668564.33
MSFT,201912,5069049,799389000,-990500.0,-43070000.0,157.7,,151.38,955590877.3
MSM,200809,4923117,226808000,-250488.0,-1400000.0,46.07,A,50.93,238347982.35
MSM,200812,3006797,110740334,-1916320.0,-116067666.0,36.83,A,34.61,181318399.10999998
MSM,200906,1782137,63230000,-1224660.0,-30191000.0,35.48,A,36.38,106681157.55999999
NIHD,200506,3946421,252334000,-6736.0,25027000.0,63.94,,59.6,252764858.57999998
NIHD,200509,2947483,248915000,-998938.0,-3419000.0,84.45,,76.23,333275253.45
NIHD,200603,2529282,149152000,-1564200.0,-29651000.0,58.97,,51.22,241392633.54
NKE,201509,5700855,701034000,-1455005.0,-71942000.0,122.97,B,111.75,879956104.2
NKE,201609,17452774,918889000,-852929.0,-91586000.0,52.65,B,57.64,963795262.9499999
NKE,201612,14396950,731797000,-3055824.0,-187092000.0,50.83,B,50.07,887124502.42
NLSN,201106,5963949,185837000,-434251.0,11102000.0,31.16,,31.49,199367912.0
NMX,200706,701097,88079000,-2280156.0,-316656000.0,125.63,,127.35,374534814.39
NOC,201606,2647065,588390000,-602724.0,-54743000.0,222.28,,212.67,722363098.92
NOW,201712,4116193,536710000,-1155428.0,-82864000.0,130.39,,123.0,687366662.1899999
NOW,201803,2677118,442929000,-1439075.0,-93781000.0,165.45,,161.00999,681024131.8499999
NOW,201812,2642117,470429000,-524520.0,-149060000.0,178.05,,185.27,563819717.85
NOW,201903,1705894,420486000,-936223.0,-49943000.0,246.49001,,239.44,651255445.75117
NOW,201906,1311525,360105000,-394369.0,-60381000.0,274.57001,,261.92999,468387332.63894004
NOW,201912,1542489,435475000,-155336.0,4482000.0,282.32001,,283.04001,479329970.97825
NTAP,201012,4616978,253749000,-1927750.0,-72113000.0,54.96,,50.93,359698250.88
NTAP,201106,7571797,399639000,-1222950.0,-23806000.0,52.78,,54.77,464186746.66
NTES,200612,9903977,185105000,-1730879.0,-5241000.0,18.69,,18.46,217455458.64000002
NTES,200703,8042286,142670000,-1861691.0,-42435000.0,17.74,,20.4,175696551.98
NTES,200706,3817612,64976000,-4224674.0,-77694000.0,17.02,,18.051,136879707.72
NTES,201206,8779807,516692000,-176889.0,-3692000.0,58.85,,62.36,527101559.6
NTES,201209,6209650,348610000,-2570157.0,-168082000.0,56.14,,52.07,492898364.98
NTES,201212,752604,32008000,-5457046.0,-316602000.0,42.53,,43.86,264096414.5
NWS,201106,4726120,83652000,-4850648.0,-84708000.0,18.08,B,18.86,173147965.44
NWS,201306,13757775,448228000,-8318550.0,-225321000.0,32.82,B,32.24,724544986.5
OC,201206,940800,26850000,-1545920.0,-62747000.0,28.54,,30.86,70970988.8
OCN,201309,5277270,294313000,-170980.0,69736000.0,55.77,,50.44,303848902.5
OII,201206,7250714,347019000,-246986.0,-57032000.0,47.86,,46.22,358839922.0
OII,201209,5097043,281612000,-2153671.0,-65407000.0,55.25,,53.54,400601948.5
OII,201212,4779243,257075000,-317800.0,-24537000.0,53.79,,52.68,274169942.96999997
OII,201303,3625861,240793000,-1153382.0,-16282000.0,66.41,,63.59,317389527.63
OII,201306,3467861,250380000,-158000.0,9587000.0,72.2,,72.48,261787164.20000002
OII,201309,3069498,249366000,-398363.0,-1014000.0,81.24,,77.58,281729027.64
ONXX,200603,1286628,33787000,-531772.0,-18583000.0,26.26,,28.5,47751184.0
ONXX,200609,2386707,41266000,-1091430.0,-17271000.0,17.29,,15.11,60136988.73
ORLY,201012,2997343,181099000,-6322199.0,-314701000.0,60.42,,60.18,563086727.64
ORLY,201303,2085784,213666000,-78714.0,20117000.0,102.439,,101.79,221729010.62199998
PAC,200912,571705,17871000,-16513.0,1289000.0,31.26,,28.28,18387694.68
PCLN,200803,2047911,247511000,-1074992.0,-111185639.0,120.86,,114.02,377434056.58
PCLN,200806,1418102,163734000,-629809.0,-83777000.0,115.46,,134.53,236451804.05999997
PCLN,200903,2599444,204784000,-1004624.0,-60655608.0,78.78,,84.86,283928477.04
PCLN,200906,2339444,260965000,-260000.0,56181000.0,111.55,,110.11,289967978.2
PCLN,200909,1851394,306998000,-488050.0,46033000.0,165.82001,,153.98,387926627.47444
PCLN,201009,715182,249126000,-473067.0,39353000.0,348.34,,291.48001,413914656.65999997
PCLN,201303,1770208,1218190000,-775.0,119490000.0,688.1619900000001,,689.11401,1218723185.53617
PCLN,201306,1718406,1420555000,-51802.0,202365000.0,826.66998,,803.9299900000001,1463377811.95584
PCLN,201309,969568,980185000,-748838.0,-440370000.0,1010.9500099999999,,938.5300300000001,1737222562.88406
PCLN,201312,884756,1028440000,-84812.0,48255000.0,1162.4000199999998,,1192.32996,1127025862.5913599
PCLN,201403,290072,345734000,-594684.0,-682706000.0,1191.89001,,1348.83997,1054531837.6875601
PCLN,201503,1329775,1548058000,-68458.0,-1592731191000.0,1164.1500199999998,,1237.47998,1627752974.9146597
PCLN,201506,1191794,1372196000,-137981.0,-175862000.0,1151.37,,1172.04004,1531063041.7499998
PCLN,201509,992252,1227277000,-199542.0,-144919000.0,1236.85999,,1248.64001,1474082314.92206
PCLN,201512,834421,1063845000,-157831.0,-163432000.0,1274.94995,,1248.8499800000002,1265071637.7874
PCLN,201603,791637,1020388000,-42784.0,-43457000.0,1288.95996,,1265.20996,1075535258.78316
PCLN,201609,574683,845640000,-546075.0,-553525000.0,1471.48999,,1416.72998,1649184178.21242
PCLN,201612,304471,446373000,-270212.0,-399267000.0,1466.06006,,1503.68005,842519793.46098
PCLN,201703,297090,528811000,-7381.0,82438000.0,1779.9699699999999,,1724.13,541949236.73587
PCP,200903,2621911,157052000,-1017854.0,-59441000.0,59.9,,55.43,218021923.5
PCP,200906,1584411,115710000,-1037500.0,-41342000.0,73.03,,82.57,191478160.33
PCP,200909,1461411,148874000,-123000.0,33164000.0,101.87,,91.28,161403948.57
PCP,200912,1320855,145756000,-140556.0,-3118000.0,110.35,,103.68,161266703.85
PHM,200506,992300,83601000,-1034300.0,-65618000.0,84.25,,76.45,170741050.0
PM,200906,8199646,357669000,-1880723.0,-991000.0,43.62,,42.64,439705695.78
PM,200909,1104953,53855000,-7094693.0,-303814000.0,48.74,,45.71,399650746.04
PMC,200712,406897,5647730,-1698257.0,-25761270.0,13.88,,14.73,29219537.520000003
PROJ,200909,2002352,15398000,-1562074.0,-72000.0,7.69,,7.19,27410435.94
PROJ,200912,1782796,13870000,-219556.0,-1528000.0,7.78,,7.61,15578298.56
PTV,201006,2535104,70603000,-3768449.0,-88120000.0,27.85,,28.58,175553951.05
PXD,201603,1329480,187111000,-1065781.0,-113207000.0,140.74001,,120.53,337109057.09261
PYPL,201806,6320681,526323000,-4339053.0,-282431000.0,83.27,,82.07,887636050.18
PYPL,201809,5962509,523747000,-358172.0,-2576000.0,87.84,,92.33,555208619.0400001
PYPL,201812,5762509,484569000,-200000.0,-39178000.0,84.09,,85.81,501387381.81
QCOM,200509,4611664,206372000,-872472.0,25341000.0,44.75,,39.71,245415086.0
QCOM,200703,12523020,534232000,-387519.0,46343000.0,42.66,,40.3001,550763593.74
QCOM,200706,10776136,467577000,-1746884.0,-66655000.0,43.39,,42.95,543373837.8
QCOM,200803,13295259,545106000,-3126665.0,-101097000.0,41.0,,42.3899,673298884.0
QCOM,200806,1145020,508046000,-12150239.0,-37060000.0,44.37,,48.54,589910641.8299999
QCOM,200903,18719202,728364000,-1551278.0,2073000.0,38.91,,33.43,788724376.8
QCOM,200906,15905742,718940000,-2813460.0,-9424000.0,45.2,,43.59,846107930.4000001
QCOM,200909,11723977,527344000,-4181765.0,-191596000.0,44.98,,46.42,715440275.16
QCOM,201006,9735949,319729000,-4305751.0,-269461000.0,32.84,,35.56,461129428.00000006
QCOM,201009,5047416,227802000,-4688533.0,-91927000.0,45.1325,,38.3,439407718.2425
QCOM,201012,2523708,124898000,-2523708.0,-102904000.0,49.49,,46.82,249796617.84
QCOM,201106,6171973,350506000,-131090.0,4909000.0,56.79,,58.59,357950947.77
QCOM,201209,6876637,429584000,-801702.0,2054000.0,62.47,,61.46,479665837.33
QCOM,201212,6514637,402993000,-362000.0,-26591000.0,61.8596,,63.62,425386014.1652
QCOM,201312,10886598,808330000,-2442485.0,-88984000.0,74.25,,73.58,989684412.75
QCOM,201403,6530923,515029000,-4355675.0,-293301000.0,78.86,,75.29,858517118.28
QUAD,201306,56800,1369000,-102900.0,-2454000.0,24.1,A,23.3,3848770.0
RCL,201109,3115316,67415000,-2063820.0,-127528000.0,21.64,,25.96,112076503.04
RECN,200609,2131291,57097000,-731488.0,-14530000.0,26.79,,24.4,76693849.41
RIMM,200603,2734639,232116000,-2750961.0,-129988000.0,84.88,,70.53,465617728.0
RIMM,200606,2342351,163426000,-392288.0,-68690000.0,69.77,,64.89,190795763.03
RL,200506,2368300,102097000,-235700.0,1062000.0,43.11,A,38.75,112258440.0
RL,200509,1726148,86825000,-642152.0,-15272000.0,50.3,A,49.55,119125490.0
RL,200512,1582548,88844000,-143600.0,2019000.0,56.14,A,53.6,96905948.72
RL,200603,1283348,77784000,-299200.0,-11060000.0,60.61,A,57.96,95918234.28
RL,200612,1734848,134728000,-377500.0,-1920000.0,77.66,A,78.2,164044945.68
RL,200703,794406,70027000,-940442.0,-64701000.0,88.15,A,86.98,152926851.20000002
RL,201012,3470805,384982000,-2707049.0,-170160000.0,110.92,A,109.24,685247565.6800001
RL,201209,4322902,653752000,-79226.0,37190000.0,151.23,A,158.64999,665733817.4399999
RL,201212,3937846,590362000,-385056.0,-63390000.0,149.92,A,157.09,648089467.8399999
RL,201303,3156566,534438000,-781280.0,-55924000.0,169.31,A,173.47,666716706.26
RL,201306,2630438,457012000,-526128.0,-77426000.0,173.74001,A,175.09,548421808.40566
RLGY,201412,10406478,462984206,-3246420.0,-44903794.0,44.49,,46.02,607417432.02
RLGY,201509,979197,36847000,-9427281.0,-449344000.0,37.63,,40.3,391595767.14000005
ROST,201206,3637252,227219000,-340044.0,-3862000.0,62.47,,63.23,248461681.12
RYL,200506,2054500,155875000,-331000.0,7926000.0,75.87,,68.5,180987885.0
SAI,200803,7076391,131550000,-238680.0,-15629229.0,18.59,,19.06,135987169.89
SAI,200809,6114357,123693000,-2121188.0,-47689000.0,20.23,,20.05,166605075.35
SBAC,201406,8700738,890085000,-243106.0,76553000.0,102.3,A,101.5,914955241.1999999
SBAC,201409,8670738,961585000,-30000.0,71500000.0,110.9,A,110.29,964911844.2
SBAC,201412,7293202,807795054,-1377536.0,-153789946.0,110.76,A,121.67,960370940.88
SBAC,201503,6460678,756545000,-832524.0,-51250054.0,117.1,A,124.71,854033954.1999999
SBAC,201506,4584339,527061000,-1876339.0,-229484000.0,114.97,A,111.81,742784149.66
SBAC,201509,2801753,293456000,-1782586.0,-233605000.0,104.74,A,118.2,480163666.85999995
SCHW,201012,11050680,189077000,-14191010.0,-161783000.0,17.11,,15.03,431885315.9
SD,200806,1229691,794135000,-8830038.0,400297000.0,64.58,,55.0,649657298.8199999
SD,200812,6616611,40692158,-7157056.0,-229271842.0,6.15,,8.86,84708052.05000001
SE,201906,6134122,203776000,-1129100.0,32945000.0,33.22,A,28.44,241284234.84
SE,201912,6165422,247973000,-696800.0,35587000.0,40.22,A,37.04,275998568.84
SEAS,201403,2114123,63910000,-944137.0,-24076000.0,30.23,,34.14,92451199.8
SFD,200909,8162139,112638000,-2954711.0,-42664000.0,13.8,,12.27,153412530.0
SFD,200912,5482182,83274345,-2679957.0,-29363655.0,15.19,,15.48,123982891.41
SHOP,201909,1377171,429209000,-125600.0,-21848000.0,311.66,A,385.39001,468353609.86
SHPG,201609,1694675,328530000,-834473.0,-137036000.0,193.86,,187.17999,490300631.28000003
SHPG,201703,1714306,298684000,-190000.0,-25772000.0,174.23,,180.7,331787234.38
SINA,200706,4524486,189395000,-146209.0,32413000.0,41.86,,39.88,195515292.7
SINA,200712,343190,15206749,-4238032.0,-204004251.0,44.31,,48.09,202993946.82000002
SLB,200612,5260599,332259000,-512500.0,-25846000.0,63.16,,68.48,364628932.84
SLB,200703,4745199,327893000,-515400.0,-4366000.0,69.1,,62.8,363507390.9
SLB,200706,4744700,403015000,-499.0,75122000.0,84.94,,77.87,403057203.06
SLB,200709,3682500,386663000,-1062200.0,-16352000.0,105.0,,96.5,498193500.0
SLB,201103,3870564,360969000,-3133734.0,-223890000.0,93.26,,93.42,653220831.48
SLM,200506,4320598,219486000,-360302.0,-13810000.0,50.8,,48.27,237789720.0
SLM,200509,3828398,205355000,-492200.0,-14131000.0,53.64,,49.75,231756876.72
SLM,200609,6348375,329989000,-935800.0,-55490000.0,51.98,,48.53,378631416.5
SLM,200612,5557218,271026000,-791157.0,-58963000.0,48.77,,45.84,309610248.75
SPF,200609,3481800,81822000,-532300.0,-21340000.0,23.5,,23.93,94331350.0
SPGI,201906,1930511,439751000,-1160850.0,-211135000.0,227.78999,,213.88,704181091.27639
SPGI,201909,1724511,422471000,-206000.0,-17280000.0,244.98,,260.19,472936584.78
SPLS,201003,3698272,86567000,-2284967.0,-60561000.0,23.4075,,25.76,140052666.89249998
ST,201206,2712645,72645000,-3200200.0,-125317000.0,26.78,,30.71,158345989.1
STNE,201903,2078303,85439000,-1038172.0,27971000.0,41.11,A,30.41,128118287.25
STRA,200506,1029573,88811000,-377418.0,-70629000.0,86.26,,87.0,121367043.66000001
STRA,201003,1285134,312956000,-68379.0,25307000.0,243.52,,226.83,329607485.76
STRA,201006,1203207,250135000,-81927.0,-62821000.0,207.89,,240.0,267166507.26
STZ,201609,5566692,926799000,-1099320.0,-175759000.0,166.49001,A,164.05,1109824404.5401201
STZ,201706,6576776,1274119000,-684941.0,97213000.0,193.73,A,182.75,1406812434.4099998
STZ,201712,4869109,1112932000,-2206973.0,-298393000.0,228.57001,A,217.59,1617380133.50082
STZ,201803,4849090,1105205000,-20019.0,-7727000.0,227.92,A,215.48,1109767323.28
STZ,201806,3877836,848742000,-971254.0,-256463000.0,218.87,A,223.08,1061320328.3000001
STZ,201903,4932455,864807000,-227699.0,34951000.0,175.33,A,169.16,904729800.82
SUNEQ,201506,9663802,289044000,-1548983.0,19937000.0,29.90996711232287,,24.00001426942548,335374030.5875472
SVN,201012,913639,19461000,-303692.0,-2439000.0,21.3,,23.72,25929150.3
SVN,201206,1038628,10968000,-69747.0,-2920000.0,10.56,,9.68,11704440.0
SWI,201106,1906741,49842000,-108165.0,2572000.0,26.14,,24.65,52669642.84
SWI,201403,6516396,277794000,-182000.0,24394000.0,42.63,,46.18,285552621.48
SWI,201412,2386428,118915707,-4129968.0,-155098293.0,49.83,,51.92,324712012.68
SWN,200706,9387312,417735000,-808900.0,-106000.0,44.5,,47.6,453731434.0
SWN,200803,7373812,248424000,-2829432.0,-320100756.0,33.69,,65.23,343747290.35999995
SWN,200912,1988979,95869000,-3059848.0,-119615000.0,48.2,,43.96,243353461.4
SYMC,201706,21085032,595652000,-5365985.0,-215865000.0,28.25,,30.31,747241230.25
TDC,200809,8631994,168324000,-622459.0,-45824000.0,19.5,,24.57,180461833.5
TDC,201206,4234044,304894000,-2994118.0,-187705000.0,72.01,,66.48,520499945.62000006
TDG,201012,2887779,207949000,-2071963.0,-99803000.0,72.01,,68.5,357151021.42
TDG,201212,2914384,397405000,-557708.0,-95181000.0,136.36,,136.02,473454465.12000006
TDG,201303,2556210,390896000,-358174.0,-6509000.0,152.92,,142.34,445667601.28
TDG,201403,1033918,191482000,-1734711.0,-254323000.0,185.2,,178.14,512750090.79999995
TDG,201406,979395,163814000,-54523.0,-27668000.0,167.25999,,188.71001,172933114.34081998
TDG,201512,2171359,496047000,-44064.0,25469000.0,228.45,,234.63,506113384.34999996
TDG,201603,2117859,466649000,-53500.0,-29398000.0,220.34,,213.58,478437242.06
TDG,201609,2250775,650744000,-129645.0,23051000.0,289.12,,285.19,688227030.4
TDG,201612,2028392,504988000,-222383.0,-145756000.0,248.96001,,251.42999,560352966.50775
TDG,201812,1522520,517748000,-240593.0,-138659000.0,340.06,,361.67001,599564206.78
TDG,201906,1585504,767067000,-75749.0,12875000.0,483.79999000000004,,440.95000999999996,803714184.7874701
TDG,201909,1284058,668570000,-301446.0,-98497000.0,520.66998,,538.3200099999999,825524335.96992
TDG,201912,1254428,702480000,-29630.0,33910000.0,560.0,,567.09998,719072480.0
TIF,201412,6047197,646203471,-804824.0,-13714529.0,106.86,,107.92,732206964.06
TIF,201906,6570002,615215000,-206000.0,-99992000.0,93.64,,89.11,634504827.28
TIF,201909,6381880,591154000,-188122.0,-24061000.0,92.63,,84.87,608579285.26
TLK,200706,283822,12233000,-114078.0,-4932000.0,43.1,,43.95,17149490.0
TMO,201306,2766476,234127000,-80612.0,16353000.0,84.63,,88.3,240949057.44
TMUS,201709,4561573,281267000,-2561944.0,-150561000.0,61.66,,64.71,439236058.21999997
TOL,200503,1678100,132318000,-343700.0,-6398000.0,78.85,,88.05,159418930.0
TOL,200506,1226300,124531000,-451800.0,-7787000.0,101.55,,92.59,170411055.0
TRIP,201303,6501886,341479000,-65267.0,66184000.0,52.52,,45.536,344906875.56
TRIP,201306,1991854,121244000,-4510032.0,-220235000.0,60.87,,64.49,395769800.82
TRU,201712,10572548,581067000,-1773209.0,-2393000.0,54.96,,55.52,678522804.72
TRU,201806,10129801,725699000,-1611666.0,59019000.0,71.64,,68.6,841158695.88
TRU,201809,9819201,722497000,-310600.0,-3202000.0,73.58,,75.3,745350757.5799999
TRU,201903,6435350,430139000,-3689421.0,-144948000.0,66.84,,64.56,676739693.64
TSCO,200503,848537,37039000,-92833.0,2011000.0,43.65,,42.59,41090800.5
TSCO,200506,760687,37350000,-87850.0,311000.0,49.1,,44.42,41663166.7
TSCO,201209,2918487,288609000,-38119.0,43033000.0,98.89,,95.48,292378767.34
TV,200703,9653613,287678000,-1600090.0,-16285000.0,29.8,,27.29,335360349.40000004
TV,200706,6146071,177148000,-3507542.0,-110530000.0,27.61,,28.78,266536254.93
TV,201612,13533097,282706000,-4544714.0,-181713000.0,20.89,,20.77,377645471.79
TV,201712,20091736,375113000,-751731.0,-139095000.0,18.67,,18.66,389147528.89000005
TW,201012,3485387,181449000,-701025.0,-24439000.0,52.06,A,50.2,217944608.72
TW,201103,2027651,112454000,-1457736.0,-68995000.0,55.46,A,58.8,193299563.02
UAA,201409,4518470,312226000,-230494.0,29710000.0,69.09993869606305,,59.49002771973003,328153121.2698104
UAA,201412,1560114,105931741000,-2958356.0,105619515000.0,67900.00025639152,,69.09993869606305,306804114158.4974
ULTA,201209,3343638,322009000,-155000.0,-4694000.0,96.305,,94.0,336936332.59000003
ULTA,201306,5119504,512565000,-890439.0,24017000.0,100.12,,90.76,601715493.1600001
ULTA,201309,4737930,565993000,-381574.0,53428000.0,119.46,,99.24,611575947.8399999
ULTA,201412,3344991,427623649,-1857620.0,-187169351.0,127.84,,126.49,665101790.24
ULTA,201503,2473942,373194000,-871049.0,-54429649.0,150.85001,,140.75999,504591925.79991
ULTA,201506,2337670,361053000,-136272.0,-12141000.0,154.45,,152.62,382100341.9
ULTA,201603,3362968,651541000,-213996.0,-10197340.0,193.74001,,165.19,693001041.1296401
ULTA,201606,3332886,812024000,-30082.0,160483000.0,243.64,,233.00999,819353523.52
ULTA,201609,2950670,702200000,-382216.0,-109824000.0,237.98,,247.21001,793160210.28
ULTA,201612,1797638,458290000,-1153032.0,-243910000.0,254.94,,259.5,752243809.8
ULTA,201703,1523935,434672000,-273703.0,-23618000.0,285.23001,,273.42999,512740304.71638
ULTA,201706,1438673,413388000,-85262.0,-21284000.0,287.34,,304.84,437887482.9
UNH,200512,4138300,257154000,-3704800.0,-183628000.0,62.14,,59.86,487370234.0
UNH,200603,1351736,75508000,-2786564.0,-181646000.0,55.86,,58.23,231165438.0
UNH,201712,3641563,802819000,-761163.0,-59455000.0,220.46001,,228.17,970625017.9872601
UNH,201806,4121415,1011148000,-133000.0,100703000.0,245.34,,241.50999,1043778176.1
UNH,201809,3017661,802819000,-1103754.0,-208329000.0,266.04001,,268.45999,1096461287.81415
UNH,201912,4243054,1247373000,-285800.0,263162000.0,293.98001,,279.87,1331392544.20854
UNP,200906,1951597,101600000,-5248389.0,-194391000.0,52.06,,49.27,374831271.16
UNP,201909,2569779,416253000,-2361120.0,-417611000.0,161.98,,161.96001,798707020.02
URBN,200906,5434420,113525000,-2163985.0,-10861000.0,20.89,,20.42,158730680.45000002
USB,201109,3841481,90428000,-3281684.0,-91284000.0,23.54,,23.21,167679304.1
V,200806,1662000,135137000,-2238000.0,-108067000.0,81.31,A,86.36,317109000.0
V,200906,6786223,422510000,-2319734.0,-83781000.0,62.26,A,67.71,566936882.8199999
V,200909,4411072,304849000,-2375151.0,-117661000.0,69.11,A,71.1,468995871.53
V,201003,3637201,331094000,-1828673.0,-146951000.0,91.03,A,85.28,497558510.22
V,201006,2205117,156012000,-1432084.0,-175082000.0,70.75,A,72.46,257331970.75
V,201206,3292401,407040000,-1243985.0,-128254000.0,123.63,A,115.2,560833401.18
V,201209,2907401,390406000,-385000.0,-16634000.0,134.28,A,128.25,442103606.28000003
V,201212,2247340,340652000,-660061.0,-49754000.0,151.58,A,149.71001,440703843.58000004
V,201303,1958840,332689000,-288500.0,-7963000.0,169.84,A,158.64,381688225.6
V,201306,1320105,241249000,-638735.0,-91440000.0,182.75,A,178.14,357978010.0
V,201309,1243515,237636000,-76590.0,-3613000.0,191.10001,A,174.42,252272078.70104998
V,201506,8900538,597671000,-609730.0,-24396000.0,67.15,A,68.68,638614496.2
V,201603,7485352,572480000,-5283907.0,-417776000.0,76.48,A,72.39,976592928.32
V,201606,7207771,534600000,-277581.0,-37880000.0,74.17,A,78.94,555188557.84
V,201609,2337675,193326000,-4870096.0,-341274000.0,82.7,A,80.9,596082661.7
V,201703,6165815,547956000,-385662.0,36810000.0,88.87,A,87.94,582229760.99
VFC,201203,1320750,192803000,-40000.0,20001000.0,145.98,,146.05,198642285.0
VFC,201206,802389,107079000,-518361.0,-85724000.0,133.45,,141.03999,176254087.49999997
VIPS,201503,10943918,322189000,-2991809.0,-271981917000.0,29.44,,24.45,410267802.88
VIT,201012,4192821,144820000,-1478127.0,-38578000.0,34.54,,37.61,195874543.92
VMC,200706,2728662,312541000,-371355.0,-48549000.0,114.54,,119.69,355075947.18
VMC,200712,3545961,280450000,-81896.0,-42973000.0,79.09,,88.8,286927210.13
VMC,201509,3201896,285609000,-258203.0,-4797000.0,89.2,,93.62,308640830.8
VMC,201512,2902347,275636000,-299549.0,-9973000.0,94.97,,102.67,304084063.12
VMC,201612,3738010,467812000,-1262103.0,-100851000.0,125.15,,125.65,625764141.95
VPRT,200703,1431177,54814000,-269285.0,-1488000.0,38.3,,37.22,65127694.599999994
VRSN,201303,11899922,562509000,-2847968.0,-10004000.0,47.27,,45.81,697132760.3000001
VRSN,201306,7498853,334899000,-4401069.0,-227610000.0,44.66,,47.04,531450516.52
VRSN,201309,4888630,248782000,-2610223.0,-86117000.0,50.89,,47.99,381616629.17
VRX,201309,7781707,811865000,-230800.0,122148000.0,104.33,,98.34,835944855.31
VRX,201312,7756485,910611000,-25222.0,98746000.0,117.4,,109.63,913572401.8000001
VRX,201412,8250886,1180784295000,-2735054.0,1179342940000.0,143.11,,145.45,1572197873.4
VRX,201503,5569460,1106206000,-2681426.0,-1179678089000.0,198.62,,197.48,1638790977.32
VRX,201506,5310143,1179648000,-259317.0,73442000.0,222.14999,,238.77,1237255483.3054001
VRX,201512,5829079,592526000,-1632701.0,-738506000.0,101.65,,89.96,758489937.0
WBA,201503,2584527,218858000,-969252.0,-270579102000.0,84.68,,83.08,300934005.72
WBC,201209,3514954,202707000,-655382.0,-18029000.0,57.67,,58.72,240503277.12
WBC,201303,3443881,243104000,-71073.0,13964000.0,70.59,,68.72,248120602.86
WBC,201306,1046166,78138000,-2397715.0,-164966000.0,74.69,,75.42,257223471.89
WDAY,201312,3085065,256554000,-437220.0,-28505000.0,83.16,A,82.35,292913220.59999996
WDAY,201403,2986060,273015000,-99005.0,16461000.0,91.43,A,109.92,282067492.95000005
WDAY,201412,527482,43047806000,-2988578.0,42757731000.0,81.61,A,87.05,286945656.6
WNS,200712,1858966,30394094,-1408600.0,-25807906.0,16.35,,19.09,53424704.1
WRSP,200603,1240900,9369000,-30600.0,-9080000.0,7.55,A,11.59,9599825.0
WSM,200506,1513500,59889000,-485600.0,-13578000.0,39.57,,39.33,79104387.0
WSM,200512,2042200,88121000,-140000.0,4434000.0,43.15,,43.39,94161930.0
WTM,200503,139450,84855000,-7600.0,-10139000.0,608.5,,653.5,89479925.0
WTM,200512,122050,68171000,-22800.0,-19318000.0,558.5499900000001,,608.40002,80905966.05150001
WTM,200609,121950,60604000,-25600.0,-11253000.0,496.95999000000006,,529.0,73326446.52450001
WYND,201012,7732440,231664000,-4869454.0,-114510000.0,29.96001262214773,,27.4699977638282,377552903.3029677
WYND,201103,6730703,214104000,-1001737.0,-17560000.0,31.810050153750655,,29.96001262214773,245969304.2108677
WYND,201209,5932525,311339000,-1356637.0,-73091000.0,52.480014833481526,,52.73994459171027,382535329.8836499
WYND,201212,5931525,315616000,-1000.0,4277000.0,53.20992493498721,,52.480014833481526,315669209.924935
WYND,201303,5547737,357718000,-383788.0,42102000.0,64.47998526245927,,53.20992493498721,382464644.5839087
WYND,201306,4746067,271617000,-801670.0,-86101000.0,57.229912683491406,,64.47998526245927,317496504.10097456
WYND,201403,4878718,357269000,-1403673.0,-105680000.0,73.23009856277817,,73.68993747762596,460060112.1399105
WYNN,201412,285023,42400021000,-2519966.0,41875264000.0,148.75999,,178.61,417270135.59010994
WYNN,201712,1270051,214118000,-1410076.0,-185007000.0,168.59,,158.08,451842610.93
WYNN,201906,5406697,670376000,-548800.0,-40234000.0,123.99,,107.33,738422073.03
XTO,200506,2854930,97039000,-738800.0,-20979000.0,33.99,,31.12,122150882.7
XTO,200812,3973533,140147000,-7967543.0,-415352000.0,35.27,,38.24,421161750.52000004
XTO,200903,2667833,81689000,-1305700.0,-58458000.0,30.62,,31.66,121669580.46000001
XTO,200906,2468287,94140000,-199546.0,12451000.0,38.14,,42.77,101751150.62
YNDX,201109,1243941,25451000,-5034371.0,-197492000.0,20.46,A,30.97,128454263.52000001
YUM,201012,12347491,605644000,-17758697.0,-781048000.0,49.05,,50.08,1476708521.3999999
YUM,201103,10437142,536260000,-1910349.0,-69384000.0,51.38,,50.33,634414087.58
YUM,201106,7282003,402258000,-3155139.0,-134002000.0,55.24,,55.32,576547724.08
YUM,201109,2033052,100412000,-5248951.0,-301846000.0,49.39,,54.37,359658128.17
YUM,201609,6265804,568998000,-3706451.0,-257901000.0,90.81,,90.71,905580476.5500001
